Företagsnamn,Organisationsnummer,Telefonnummer,Adress
"Comotion AB","556679-2288","0431-41 03 61","Östergatan, 22, 262 31 Ängelholm"
"Relativt AB","559401-7690","031-29 05 13","Korsgatan 13, 411 16 Göteborg"
"Spotlight Communications AB","556650-9880","08-586 104 00","David Bagares Gata 3, 111 38 Stockholm"
"Digiwise AB","559107-9594","021-18 20 00","Kopparbergsvägen 6, 722 13 Västerås"
"Media4you Sverige AB","556984-9952","","Norra Vägen 18, 392 49 Kalmar"
"Graphoteket Aktiebolag","556425-5825","0451-319 50","Bäckhagsvägen 11B, 28133 Hässleholm"
"We Are Haus AB","556907-4627","021-444 04 00","Sigurdsgatan 23, 721 30 Västerås"
"Oas Reklam i Jönköping AB","556822-2524","073-395 37 07","Datorgatan 4, 561 33 Huskvarna"
"ENA AB","559036-9657","010-555 87 76","Boden"
"UC AB","556137-5113","08-670 90 00","Klarabergsviadukten 63, 111 64 Stockholm"
"Smart Media Lab Sverige AB","559204-8069","",""
"Svensk Direktreklam i Hälsingland","556801-3220","0650-59 09 90","Tegelbruksvägen 26, 821 43 Bollnäs"
"Leadlabbet","559497-6325","+46 76 692 01 05","WARFVINGES VÄG 31, 112 51 Stockholm"
"Rsp Media AB","559029-5480","070-890 05 67","Långgatan 36, 57436 Vetlanda"
"FabriQen Group AB","556286-1491","0586-307 30","Skogsbovägen 21, 69147 Karlskoga"
"Sweden Eventcenter (SEC AB)","556873-1243","08-551 106 66","Fagerstagatan 6, 16353 Spånga"
"Centrumkanalen AB","556880-5153","031-757 29 00","Stigbergsliden 5, 414 63 Göteborg"
"The We Select Company AB","556841-1671","08-664 20 20","KORGMAKARGRÄND 6, 111 22 Stockholm"
"ADINQ AB","556774-2183","033-722 24 00",""
"Most Studios AB","556985-9845","+","Skeppsbron 16, 111 30 Stockholm"
"Svensk Mediabevakning AB","556753-9100","035-710 80 19","Skolgatan 8, 302 32 HALMSTAD"
"Cityreklam Sverige AB","559375-0085","070-972 00 32","Rehnsgatan 5, 113 57 Stockholm"
"Testmottagningen","556983-2750","08-14 24 49","Själagårdsgatan 9, 11131 Stockholm"
"Boneo AB","559201-4798","08-446 02 88","Malmskillnadsgatan 29, 11157 Stockholm"
"Proservitio AB","559107-1583","073-671 91 68","Kanalvägen 6, 19461 Upplands Väsby"
"Convertor Svenska AB","556786-8707","040-685 93 90","Nordenskiöldsgatan 24, 211 19 Malmö"
"RiseRank AB","559177-2875","","Textilgatan 43, 120 30 Stockholm"
"Cashleads Media AB","559205-5916","","SURBRUNNSGATAN 12, 114 27 Stockholm"
"Bright Mind Agency AB","559100-6654","036-550 59 00","Huskvarnavägen 82, 554 66 Jönköping"
"Boostr Jönköping AB","559134-0103","073-395 37 07","Datorgatan 4, 561 33 Huskvarna"
"E-Profil Svenska AB","559052-8310","","Södra Catalinagränd 3 B, 183 68 Täby"
"Artport AB","559488-8579","076-198 80 80",""
"Nätvaro AB","559480-6779","010-148 69 80","Hemvärnsgatan 15, 17154 Solna"
"Trendflow Sweden AB","559248-9792","08-121 326 97","Stockholm"
"Digital Kontakt Sverige AB","556979-4026","","Isafjordsgatan 39 b, 164 40 Kista"
"Finanstid Media AB","559043-0830","+46 8 124 200 95","Humlegårdsgatan 22, 114 46 Stockholm"
"Dig & Do Marketing AB","559091-8891","070-852 07 55","Strängnäsgatan 3, 723 34 Västerås"
"PK Company AB","556809-0699","070-273 57 88","box 508, 114 11 Stockholm"
"Adealsweden AB","559443-5413","",""
"Emsec AB","559034-9436","072-151 48 88","Västerhöjdsvägen 78, 442 70 Kärna"
"Eluxson Handelsbolag","969748-5853","",""
"7 Out Media AB","559197-2335","","Svingelvägen 1, 29437 Sölvesborg"
"SOL Facility Services AB","556355-1349","08-429 90 40","Alsnögatan 7, 11641 Stockholm"
"Inspot AB","556758-5327","018-470 33 60",""
"Sture Exhibitions & Events AB","556437-1184","08-586 159 00","Värmev. 3 A, 177 58 Järfälla"
"Trickle AB","559163-3465","070-667 11 00","Brännkyrkagatan 62, 118 23 Stockholm"
"Remotion AB","556832-9790","08-410 337 87","Sveavägen 59, 113 59 Stockholm"
"Market Solutions Sverige AB","556898-0816","031-331 10 11","Töpelsgatan 5, 41655 Göteborg"
"Roxx Communication Group AB","556426-8737","0492-793 00","Traktorgatan 4, 598 30 Vimmerby"
"People People People AB","556630-6808","","Brännkyrkagatan 62, 118 23 Stockholm"
"Butiksdisplay Sverige AB","559145-3914","","FRISTADSTORGET 2, 632 18 Eskilstuna"
"Studentdisplay Sverige AB","559288-6310","016-551 26 00","FRISTADSTORGET 2, 632 18 Eskilstuna"
"AVA Corporate Communications AB","559303-8697","020-10 30 40","Södra Agnegatan 29, 11229 Stockholm"
"Fascia Innovation Sweden AB","556583-8918","072-854 77 00","Bokvägen 17, 191 41 Sollentuna"
"Stilio Media AB","559083-0450","08-684 270 00","Stockholm"
"Södra tornet kommunikation AB","556602-2249","018-36 36 26","Uppsala Slott- Ing h, 752 37 Uppsala"
"Printer AB","556947-7572","08-550 977 00","Vasagatan 46, 411 37 Göteborg"
"Bbo Sweden AB","556428-5350","031-788 02 50","Stigbergsliden 7, 414 63 Göteborg"
"Åre Destination AB","556171-5961","070-347 86 87","Årevägen 55, 83752 Åre"
"Svensk Annonsförmedling AB","556966-3601","08-400 255 97","Kungsgatan 37, 111 56 Stockholm"
"Sunbird (S.B Agency Communication AB)","559158-6986","070-307 88 83","Skomakaregatan 1, 211 34 Malmö"
"Pergolex AB","559094-4871","08-556 536 26","Winquists Väg 9, 163 41 Spånga"
"Digital Search Sweden AB","559122-4489","08-533 322 41","Gustavslundsvägen 143, 167 51 Bromma"
"Tupp Reklam AB","556915-2001","","Tallstigen 38, 915 32 Robertsfors"
"Pepp Reklam Aktiebolag","556493-1672","063-77 88 77","RINGVÄGEN 2, 831 57 Östersund"
"Profilprodukter","559251-3088","08-446 895 27","Kungsgatan 8, 111 43 Stockholm"
"Butiksdisplay H AB","556919-4961","016-551 26 00","Fristadstorget 2, 632 17 Eskilstuna"
"Stenindustrins Forskningsinstitut AB","556134-0117","044-20 97 80","Industrig. 6, 291 36 Kristianstad"
"Oggroup AB","556666-4669","08-678 37 10","Borgmästaregatan 9, 371 15 Karlskrona"
"Golfdisplay Sverige AB","559288-6278","","FRISTADSTORGET 2, 632 18 Eskilstuna"
"CB Media AB","559511-6657","",""
"Happy Marketing AB","556617-2135","073-987 03 29",""
"Kalmar Media & Invest AB","559012-8632","","Kay Wieståls Gata 5, 392 50 Kalmar"
"Qase Digital","556763-2541","010-303 07 90","Lefflersgatan 5 2tr, 754 50 Uppsala"
"Strandberg & Haage AB","556707-7077","070-995 52 75","Drottninggatan 94, 111 36 Stockholm"
"Tuna Golv AB","556830-4900","016-14 44 40","Helgestagatan 3 B, 633 46 Eskilstuna"
"Cape Media AB","556398-5653","08-441 56 80","Sandhamnsgatan 63 C 2TR, 115 28 Stockholm"
"Picknick Media AB","559242-4757","0911-659 80","Storgatan 80, 941 62 PITEÅ"
"Börskollen Sverige AB","559236-5141","","Ekvägen 6, 141 30 Huddinge"
"30tre Form & Reklam","556880-4628","073-032 68 55","Älvg 15, 302 23 Halmstad"
"Laiout Digitalbyrå AB","559420-4769","010-300 50 51","Fallhammargatan 1 a, 721 33 Västerås"
"KJ Marketing Sweden AB","559528-9629","076-326 22 05","Östra Kaserngatan 4 b, 291 34 Kristianstad"
"Tradesmen Lingul AB","556161-4289","044-21 70 80","Box 95, 291 21 Kristianstad"
"LC Möbler Handelsbolag","969730-9855","036-205 48","Järnvägsgatan 71, 56532 MULLSJÖ"
"Innova Print & Reklam","969681-4897","0926-100 10","Tallviksv. 6, 956 32 Överkalix"
"Ingager AB","556855-0924","08-410 726 00","KARLAVÄGEN 96, 115 26 Stockholm"
"Twain Studios AB","559346-5288","",""
"FF Profilreklam AB","556694-9771","08-453 54 80","Kammakargatan 7, 111 40 Stockholm"
"Contitude AB","559048-1015","08-121 485 55","Industrigatan 4 a, 112 46 Stockholm"
"Tankbar AB","556516-0255","0155-26 49 00","Östra Storgatan 3, 611 34 Nyköping"
"Skipstone Group AB","559262-0552","073-082 85 05","Enåbadsvägen 2, 795 32 Rättvik"
"LIMExpo AB","559015-0362","076-135 83 11","Braxenvägen 7, 76141 Norrtälje"
"Profilogen Bromma AB","556872-4305","08-684 469 00","Johannesfredsvägen 11, 168 69 Bromma"
"Nivide AB","556978-6691","040-21 32 80","Hyllie Boulevard 34, 21532 Malmö"
"Rink AB","556565-0081","0221-243 15","Barnhemsgatan 56, 73133 KÖPING"
"Erik Hammarstrand Design AB","556399-0851","070-820 78 10","Spelmansplatsen 5, 41652 GÖTEBORG"
"AP Design AB","559177-8435","070-771 31 70","Gotö allé 4B, 725 91 VÄSTERÅS"
"Copyfabriken Sverige AB","556111-3639","070-960 35 34","Brantingsg. 41, 115 35 STOCKHOLM"
"MediaPartner i Vimmerby AB","556541-4843","0492-196 70","Haldéns gränd 4, 598 37 Vimmerby"
"Bil & MC Service EMD","670402-XXXX","0241-619 84","Steens väg 1, 785 30 Gagnef"
"AZTEK Design AB","556709-3173","076-865 44 26","Storg. 40, 672 30 ÅRJÄNG"
"Fernemo Information & Grafik","556788-6659","019-620 05 90","fabriksgatan 6, 702 23 ÖREBRO"
"Askås Internet- & Reklambyrå AB","556639-5256","0533-69 16 00","Järnvägsgatan 11, 661 30 Säffle"
"Scan Sverige AB","556655-4597","077-151 05 10","Lindhagensgatan 126, 112 51 Stockholm"
"Change Reklambyrå AB","556583-9460","031-384 86 00","Kungsgatan 48 a, 411 15 Göteborg"
"Lantmännen Biorefineries AB","556028-0611","011-15 52 00","Hanholmsvägen 69, 602 38 Norrköping"
"Reklambyrån BK i Malmö AB","556631-3598","040-12 73 27","Södra Tullgatan 3, 211 40 Malmö"
"Lundberg & Co Reklambyrå Gävle AB","556733-7562","026-10 33 22","Storgatan 9-11 Vävaren, 806 45 Gävle"
"Eminent Reklambyrå AB","556521-7766","070-715 75 88","Stortorget 31 6 Vån, 211 34 Malmö"
"Dentsu Sweden AB","556259-6733","08-640 33 20","Åsögatan 108, 118 29 Stockholm"
"SAS EuroBonus AB","559224-9782","","Stockholm"
"Reklambyrån Liljedals AB","556261-6333","","Nikolaigatan 1, 701 15 Örebro"
"Masscreation Reklambyrå Stockholm AB","556769-3048","","Holländargatan 33 0tr, 113 59 Stockholm"
"Markus Reklambyrå AB","556286-9072","","Repslagaregatan 24, 582 22 Linköping"
"Reklambyrån STT AB","556512-6512","","Hantverksgatan 6, 514 32 Tranemo"
"Sellhelp AB","556996-1260","","Götgatan 74, 118 26 Stockholm"
"Stng Reklambyrå AB","559013-7542","","Adlercreutzgatan 3, 271 39 Ystad"
"Milk-room Reklambyrå AB","556613-7245","031-701 01 00","Kungstorget 11-12, 411 10 Göteborg"
"Treativ Reklambyrå AB","556592-9535","0340-64 49 00","Östra Långgatan 47, 432 41 Varberg"
"Klevland Reklambyrå AB","556938-5429","","Hesslegatan 4, 291 30 Kristianstad"
"AR2 Reklambyrå AB","556996-9610","","Ågatan 5, 582 22 Linköping"
"Schibsted Marketing Services AB","556690-0782","08-725 20 00","Västra Järnvägsgatan 21, 111 64 Stockholm"
"Channel Factory Nordics AB","559195-2717","072-010 05 35","Sveavägen 20, 111 57 Stockholm"
"Publicis Media Sweden AB","556607-9439","08-562 666 00","Odengatan 76, 113 22 Stockholm"
"Bläck & Co Reklambyrå Aktiebolag","556447-1323","070-513 91 31","Smålandsgatan 6, 352 35 Växjö"